Index,Start Time,End Time,Text
1,"00:00:00,080","00:00:08,160",दिल ये मेरा तेरे दिल से जा मिला है रब से
2,"00:00:05,640","00:00:12,120",जिसको मांगा
3,"00:00:08,160","00:00:14,080",तूला है मर्द अपना घर अपना धन सब कुछ
4,"00:00:12,120","00:00:15,640",छोड़कर जाते हैं एक औरत के भरोसे के वो
5,"00:00:14,080","00:00:18,560",पीछे से सब कुछ संभाल
6,"00:00:15,640","00:00:19,680",लेगी मुझे यकीन है कि अब्बू को भरोसा होगा
7,"00:00:18,560","00:00:25,720",कि आप
8,"00:00:19,680","00:00:30,439",है सब करते क्या समझते हो अपने आप को बां
9,"00:00:25,720","00:00:31,520",दो मुझे दे दो सबको दे दो सबको दे दो
10,"00:00:30,439","00:00:34,040",दे
11,"00:00:31,520","00:00:37,640",दो दे
12,"00:00:34,040","00:00:40,840",दो घर चल
13,"00:00:37,640","00:00:44,000",वाला मैं घर जाना चाहती
14,"00:00:40,840","00:00:47,559",हूं तुम्हारे साथ रिफत
15,"00:00:44,000","00:00:47,559",मंजिल मैं जाना
16,"00:00:49,120","00:00:55,800",चाहती क्या गलत किया था
17,"00:00:52,160","00:00:58,920",मैंने मेरी बेटी ने इतनी बड़ी हरकत
18,"00:00:55,800","00:01:02,280",की मुझे उसके बारे में कुछ पता ही
19,"00:00:58,920","00:01:06,600",नहीं लेकिन इसमें कसूर इसका नहीं है
20,"00:01:02,280","00:01:08,720",यार इसका कसूर नहीं है सारी जिंदगी उसकी
21,"00:01:06,600","00:01:13,680",मां इसे यही कुछ तो सिखाती
22,"00:01:08,720","00:01:19,640",र यही तरबियत तो दी है तुमने इसे ये मेरा
23,"00:01:13,680","00:01:23,079",तेरे दिल से जा मिला है रब से जिसको मांगा
24,"00:01:19,640","00:01:27,200",तू वो सिला
25,"00:01:23,079","00:01:29,190",है अल्ला इंसाफ करने पर आए ना तो पत्थर भी
26,"00:01:27,200","00:01:31,040",बोलने लगते
27,"00:01:29,190","00:01:33,920",[संगीत]
28,"00:01:31,040","00:01:34,840",अल्लाह जिसका पर्दा रख ले फिर दुनिया की
29,"00:01:33,920","00:01:39,920",कोई
30,"00:01:34,840","00:01:39,920",ताकत उस पर्दे को चाक नहीं कर सकती ताई
31,"00:01:41,280","00:01:49,200",जान को
32,"00:01:43,399","00:01:52,439",रू रूही कोई नहीं है और पता है मुज की बात
33,"00:01:49,200","00:01:57,360",अब मुझे कोई पढ़ने का भी नहीं
34,"00:01:52,439","00:02:00,560",कहता तो रूमी अब अपनी मर्जी से जिगी
35,"00:01:57,360","00:02:04,280",नाचेगी गाएगी खाएगी
36,"00:02:00,560","00:02:04,280",पगी ऐश
37,"00:02:04,799","00:02:12,280",करेगी गलतफहमी में जिंदा रह सकता
38,"00:02:08,759","00:02:16,000",हूं क्या आप अपने आवाज खो बैठी है आप कुछ
39,"00:02:12,280","00:02:18,480",भी सोच लेती है आप कुछ भी फर्ज कर लेती है
40,"00:02:16,000","00:02:20,560",एक बेटे की हैसियत
41,"00:02:18,480","00:02:28,040",से मेरे लिएन
42,"00:02:20,560","00:02:31,319",[संगीत]
43,"00:02:28,040","00:02:36,040",है उन लोगों के बारे में तेरा क्या ख्याल
44,"00:02:31,319","00:02:38,920",है जो खुदा बनकर जमीन पर घूमते हैं और
45,"00:02:36,040","00:02:42,400",खुदा भी फिरौन
46,"00:02:38,920","00:02:49,200",जैसा जो जुल्म तूने इस बच्ची के साथ किया
47,"00:02:42,400","00:02:55,080",है ना शाहजन तुझे उसका जवाब देना
48,"00:02:49,200","00:02:58,480",पड़ेगा मेरी बददुआ है इस दुनिया में फिट
49,"00:02:55,080","00:03:00,660",और हशर के दिन अल्लाह भी मुंह मोड़ ले
50,"00:02:58,480","00:03:16,440",तुझसे
51,"00:03:00,660","00:03:17,980",[संगीत]
52,"00:03:16,440","00:03:19,519",बस बस
53,"00:03:17,980","00:03:22,120",[संगीत]
54,"00:03:19,519","00:03:23,920",बस
55,"00:03:22,120","00:03:27,200",लो
56,"00:03:23,920","00:03:30,360",लो लो
57,"00:03:27,200","00:03:35,560",लो सॉरी तुम्हें उठाना नहीं जा रहा था
58,"00:03:30,360","00:03:35,560",मे दिल को कुछ हो रहा जब रोती है क्या
59,"00:03:40,390","00:03:56,240",[संगीत]
60,"00:03:56,920","00:04:00,920",करूं यस
61,"00:04:00,959","00:04:06,519",हमजा मैं कहना चा मुझे कुछ नहीं सुनना अमी
62,"00:04:04,079","00:04:09,480",प्लीज आप
63,"00:04:06,519","00:04:12,920",जाए मुझे तुमसे बात करनी है
64,"00:04:09,480","00:04:18,079",हमजा क्या बात करनी है अम्मी
65,"00:04:12,920","00:04:21,519",हा सब कुछ तो सुन चुका हूं और कहेंगी क्या
66,"00:04:18,079","00:04:23,880",आप और अगर कुछ कहना है तो मुझे यह बताए कि
67,"00:04:21,519","00:04:26,639",मेरे साथ यह सब कुछ क्यों किया आपने
68,"00:04:23,880","00:04:29,960",तुम्हारे साथ तुम्हारे साथ क्या किया है
69,"00:04:26,639","00:04:32,440",मैंने कुछ भी नहीं
70,"00:04:29,960","00:04:35,479",अ फिर तुम्हारे साथ क्यों करूंगी मैं
71,"00:04:32,440","00:04:39,320",ऐसा मेरे साथ ही तो किया
72,"00:04:35,479","00:04:42,639",अमी सब आपने मेरे साथ ही किया
73,"00:04:39,320","00:04:45,320",है मोहब्बत करती थी ना
74,"00:04:42,639","00:04:48,880",मुझसे जिससे मोहब्बत करते होमी उसके साथ
75,"00:04:45,320","00:04:54,199",यह करते हैं आप चाहती थी कि मैं आपके सारे
76,"00:04:48,880","00:04:54,199",सच झूठ सुनकर हालांकि जान ले
77,"00:04:55,560","00:05:00,160",लू आपको अंदाजा है कि जिससे मोहब्बत करते
78,"00:04:58,720","00:05:02,680",हैं अगर वो धोखा दे
79,"00:05:00,160","00:05:07,280",तो क्या बीती है दिल
80,"00:05:02,680","00:05:07,280",पर ऐसे सदम से दिल बंद हो जाया
81,"00:05:08,080","00:05:13,680",करते मेरा भी हो गया था यार पर मैं तो
82,"00:05:12,080","00:05:18,479",रूमी को का नाम मत
83,"00:05:13,680","00:05:18,479",ले आपने रूमी को बचाने के लिए कुछ नहीं
84,"00:05:19,400","00:05:26,639",किया आपको पता है लोग जानवर पालते हैं
85,"00:05:23,280","00:05:27,560",अमी परिंदे पालते हैं चिड़िया तोता मैना
86,"00:05:26,639","00:05:30,639",पालते
87,"00:05:27,560","00:05:33,440",हैं आपने एक छोटी कि बच्ची से इतने साल
88,"00:05:30,639","00:05:33,440",नफरत पाल ली
89,"00:05:33,680","00:05:37,840",यार पता है अफसोस की बात
90,"00:05:39,800","00:05:47,960",क्या मेरा अपनी खुद की मां से तबार उठ गया
91,"00:05:43,310","00:05:51,520",[संगीत]
92,"00:05:47,960","00:05:53,759",यार मेरी अपनी मां झूठी
93,"00:05:51,520","00:05:56,199",है बस
94,"00:05:53,759","00:05:59,759",अमी और कुछ नहीं सुनना क्योंकि और कुछ
95,"00:05:56,199","00:06:03,319",सुनने की गुंजाइश बाकी नहीं
96,"00:05:59,759","00:06:03,319",कुछ कहूंगा तो गुस्ताखी हो जाएगी आप
97,"00:06:03,639","00:06:07,639",प्लीज प्लीज
98,"00:06:14,380","00:06:25,190",[संगीत]
99,"00:06:27,430","00:06:41,710",[संगीत]
100,"00:06:42,520","00:06:47,680",यह तो बहुत अच्छी बात है कि वकास पहुंच
101,"00:06:44,800","00:06:50,319",रहा है फिर तो हमें चाहिए कि हम रुखसती
102,"00:06:47,680","00:06:53,960",जल्दी से जल्दी कर ले हा जी क्यों नहीं और
103,"00:06:50,319","00:06:56,599",वकास की माने तो ढोलकी रख द है
104,"00:06:53,960","00:07:00,400",वो एक दरख्वास्त थी
105,"00:06:56,599","00:07:01,520",आपसे हुकम करें रईस भाई क्या ये हो सकता
106,"00:07:00,400","00:07:05,360",है कि
107,"00:07:01,520","00:07:07,479",हम निकाह वाली बात जो है
108,"00:07:05,360","00:07:10,919",उसे
109,"00:07:07,479","00:07:14,639",मतलब आप समझ रहे हो कि मैं क्या कह रहा
110,"00:07:10,919","00:07:18,960",हूं हां बिल्कुल बिल्कुल यह भी कोई कहने
111,"00:07:14,639","00:07:23,039",की बात है देखिए रूबी अब हमारी बहू है
112,"00:07:18,960","00:07:27,560",आपसे रिश्तेदारी है आपकी इज्जत हमारी
113,"00:07:23,039","00:07:30,360",इज्जत आप फिक्र ही ना करें बहुत शुक्रिया
114,"00:07:27,560","00:07:33,400",आपका बहुत मेहरबानी
115,"00:07:30,360","00:07:36,599",मैं हमजा से कहता हूं आपसे राबता करता है
116,"00:07:33,400","00:07:37,940",शादी के सारे इंतजा मात वही देख रहा है
117,"00:07:36,599","00:08:26,720",खुदा हाफिज
118,"00:07:37,940","00:08:31,879",[संगीत]
119,"00:08:26,720","00:08:31,879",कितनी प्यारी है य बिल्कुल तुम गई
120,"00:08:32,120","00:08:36,360",है मेरे जैसा नसीब ना हो
121,"00:08:38,479","00:08:44,919",उसका नसीब तो तुम्हारा अच्छा था हाला बस
122,"00:08:42,200","00:08:44,919",लोग अच्छे नहीं
123,"00:08:45,240","00:08:49,519",मिले क्या तुम मुझे माफ कर सकती हो
124,"00:08:51,680","00:09:00,000",आला जो कुछ आजन ने तुम्हारे साथ
125,"00:08:55,519","00:09:04,320",किया उसमें कहीं ना कहीं मैं उनके साथ शरी
126,"00:09:00,000","00:09:05,959",थी फूफू सही कहती थी मत लगा कर शाह जहान
127,"00:09:04,320","00:09:10,320",के
128,"00:09:05,959","00:09:13,279",पीछे मुझे तुमसे कभी कोई मसला नहीं था बस
129,"00:09:10,320","00:09:15,959",शाह जहान आप के पीछे लग लग के ना जाने
130,"00:09:13,279","00:09:19,160",कितनी ज्यादती कर दी मैंने तुम नहीं ऐसा
131,"00:09:15,959","00:09:23,640",मत करें अम्मी ठीक कह रही है
132,"00:09:19,160","00:09:27,000",हा इस घर का हर इंसान तुम्हारा मुजरिम है
133,"00:09:23,640","00:09:31,360",तुम्हे जवाब दे नहीं
134,"00:09:27,000","00:09:31,360",सर ऐसी बात नहीं है
135,"00:09:32,000","00:09:37,200",ऐसी ही बात
136,"00:09:34,480","00:09:41,880",है तुम्हें पता है मैंने कभी तुमसे नफरत
137,"00:09:37,200","00:09:44,880",नहीं की हा वो बस एक फेस आया था जहां मुझे
138,"00:09:41,880","00:09:47,200",लगा कि हमजा को तुमने मुझसे छीन
139,"00:09:44,880","00:09:48,720",लिया मगर मेरा दिल तुम्हारी तरफ से
140,"00:09:47,200","00:09:53,120",बिल्कुल
141,"00:09:48,720","00:09:54,560",साफ और यकीन जानो मैं यह चीज तुम्हें हकीर
142,"00:09:53,120","00:09:59,440",समझ कर नहीं
143,"00:09:54,560","00:09:59,440",देती मुझे तुम पर तरस आता
144,"00:10:00,200","00:10:03,560",वजाहत करने की जरूरत नहीं है
145,"00:10:04,760","00:10:09,680",सु
146,"00:10:06,800","00:10:14,079",मैंने छोटी उम्र
147,"00:10:09,680","00:10:14,079",में रवैया परखने सीख लिए
148,"00:10:15,400","00:10:20,240",[संगीत]
149,"00:10:17,279","00:10:23,320",थे और मैं जानती
150,"00:10:20,240","00:10:24,100",हूं समीन जलीस कभी किसी से नफरत कर ही
151,"00:10:23,320","00:10:25,680",नहीं
152,"00:10:24,100","00:10:30,800",[संगीत]
153,"00:10:25,680","00:10:30,800",सकते तुमसे तो बिल्कुल भी नहीं
154,"00:10:31,220","00:11:02,850",[संगीत]
155,"00:11:05,290","00:11:27,419",[संगीत]
156,"00:11:36,500","00:11:39,590",[संगीत]
157,"00:12:05,800","00:12:16,760",फौन बर से रहमत कोई इश्क इबादत हुई दिल ये
158,"00:12:12,560","00:12:21,720",कहां ले जाऊं तेरी आदत
159,"00:12:16,760","00:12:30,040",हुई तेरी जात में ही छुपी मेरी ही
160,"00:12:21,720","00:12:30,040",क जिक्र तेरा याद रहे रात आंखों में खोई
161,"00:12:30,199","00:12:36,199",रात आखों में
162,"00:12:32,680","00:12:36,199",खोई सब ठीक है
163,"00:12:37,120","00:12:40,639",समी सब ठीक
164,"00:12:42,040","00:12:45,399",है समझा
165,"00:12:49,639","00:12:57,880",नहीं रमने हाला को माफ कर दिया हमजा ने
166,"00:12:54,399","00:13:01,040",हाला को माफ कर दिया और ला ने हमजा को माफ
167,"00:12:57,880","00:13:01,040",कर दिया
168,"00:13:04,079","00:13:07,120",इतना आसान नहीं होता
169,"00:13:11,040","00:13:15,160",सम माफी खुदा ही
170,"00:13:17,000","00:13:26,160",वस् जरूरी नहीं कि हर किसी को वयत किया
171,"00:13:21,720","00:13:30,079",जाए और अगर मैं यह कहूं कि आज मैं तुम्हें
172,"00:13:26,160","00:13:30,079",माफ करने आई हूं तो
173,"00:13:31,600","00:13:37,199",क्या
174,"00:13:34,460","00:13:40,199",[संगीत]
175,"00:13:37,199","00:13:40,199",समी
176,"00:13:43,360","00:13:46,360",खुदा
177,"00:13:46,639","00:13:53,800",तुमने तुमने मुझे माफ
178,"00:13:49,839","00:13:56,399",किया मैं तुमसे वादा करता हूं मैं तुम्हें
179,"00:13:53,800","00:13:58,120",कभी कोई तकलीफ नहीं पहुंचा उंग मैं वादा
180,"00:13:56,399","00:14:02,040",करता हूं ऐसी कोई गलती नहीं करूंगा जिससे
181,"00:13:58,120","00:14:04,720",तुम्हें दुख हो एक मिनट एक
182,"00:14:02,040","00:14:06,880",मिनट मैं तुमसे आंधा की बात नहीं करने आई
183,"00:14:04,720","00:14:06,880",हूं
184,"00:14:07,519","00:14:16,560",परम तुम मेरे बीते हुए कल का हिस्सा
185,"00:14:12,279","00:14:16,560",हो मेरे आने वाले कल का
186,"00:14:20,240","00:14:28,560",नहीं आईम सो सॉरी मैंने बहुत कोशिश की
187,"00:14:25,839","00:14:30,160",बहुत कोशिश की कि अपने दिल में तुम्हारे
188,"00:14:28,560","00:14:33,480",लिए जगह बना र
189,"00:14:30,160","00:14:36,079",पर मैं नहीं कर पा
190,"00:14:33,480","00:14:39,360",रही समीन
191,"00:14:36,079","00:14:43,440",य य क्या कह रही हो
192,"00:14:39,360","00:14:47,800",तुम मैं जा रही हूं मुझसे बाहर पढ़ने के
193,"00:14:43,440","00:14:52,600",लिए अपना मुस्तकबिल बनाने के
194,"00:14:47,800","00:14:55,600",लिए सोचा के जाने से पहले तुम्हें माफ कर
195,"00:14:52,600","00:14:55,600",दू
196,"00:14:56,120","00:15:06,720",और और उसके बाद इसके के बाद क्या मैं दुआ
197,"00:15:01,519","00:15:10,600",करू कि तुम खुश रहो कामयाब
198,"00:15:06,720","00:15:10,600",हो तुम्हारे बगैर
199,"00:15:11,199","00:15:18,120",खुश तुम्हारे बगैर
200,"00:15:13,480","00:15:21,120",[संगीत]
201,"00:15:18,120","00:15:21,120",कामयाबी
202,"00:15:22,639","00:15:30,240",सुमीन मैं तो तुम्हारे
203,"00:15:25,000","00:15:36,399",बगैर मुस्कराने का भी तसर नहीं कर सकता
204,"00:15:30,240","00:15:39,010",सब हो जाता है वक्त सब भुला देता है और
205,"00:15:36,399","00:15:45,000",तुम तुम भुला सकोगी
206,"00:15:39,010","00:15:48,050",[संगीत]
207,"00:15:45,000","00:15:49,800",मुझे कोशिश करने से क्या नहीं हो
208,"00:15:48,050","00:15:52,670",[संगीत]
209,"00:15:49,800","00:15:54,839",जाता खुद को मुश्किल में डालोगे
210,"00:15:52,670","00:15:56,600",[संगीत]
211,"00:15:54,839","00:15:59,450",तो
212,"00:15:56,600","00:16:02,800",नहीं कोई मुश्किल नहीं
213,"00:15:59,450","00:16:06,279",[संगीत]
214,"00:16:02,800","00:16:06,279",री आवाज तुम्हारा साथ नहीं दे
215,"00:16:07,120","00:16:14,519",रही केलो के दरवाजे तो अंदर से खुलते हैं
216,"00:16:12,319","00:16:17,560",ना जबान
217,"00:16:14,519","00:16:20,100",तो के फसलो से बाकी
218,"00:16:17,560","00:16:24,389",होते और आख
219,"00:16:20,100","00:16:24,389",[संगीत]
220,"00:16:24,399","00:16:31,570",भी फिर भी
221,"00:16:26,990","00:16:31,570",[संगीत]
222,"00:16:32,720","00:16:36,319",क्यों समीन
223,"00:16:38,839","00:16:45,279",क्यों कैसी माफी
224,"00:16:42,279","00:16:45,279",आई
225,"00:16:45,720","00:16:51,800",तुम मुझे सजा सुनाकर जा रही हो मुझे जाना
226,"00:16:52,480","00:16:58,860",होगा कुछ देर के
227,"00:16:54,639","00:17:01,040",लिए मेरी जिंदगी की डायरेक्शन बदल गई थी
228,"00:16:58,860","00:17:05,360",[संगीत]
229,"00:17:01,040","00:17:07,000",य नहीं कह ही के मुझे फैमिली नहीं चाहिए
230,"00:17:05,360","00:17:10,120",शादी नहीं करनी लेकिन
231,"00:17:07,000","00:17:12,839",य य मेरी जिंदगी में दूसरे
232,"00:17:10,120","00:17:17,120",नंबर पहले नंबर पर
233,"00:17:12,839","00:17:18,839",ुद मेरी कामयाबी ताके अपने कमजोर बाप का
234,"00:17:17,120","00:17:22,039",सहारा
235,"00:17:18,839","00:17:23,799",बन अपने मां बाप को व खुशिया दे सक जो कोई
236,"00:17:22,039","00:17:26,799",नहीं
237,"00:17:23,799","00:17:26,799",सका
238,"00:17:26,880","00:17:31,720",समीन तुम्हारे खब के ते में हाल नहीं
239,"00:17:32,640","00:17:36,120",बनूंगा जानती
240,"00:17:36,520","00:17:41,640",हूं लेकिन अब और नहीं मुझे
241,"00:17:40,390","00:17:44,640",[संगीत]
242,"00:17:41,640","00:17:44,640",जाने
243,"00:17:44,760","00:17:49,360",और अगर मैं कहूं कि मैं तुम्हारा इंतजार
244,"00:17:54,159","00:17:59,360",करूंगा मैं करूंगा तुम्हारा इंतजार सम
245,"00:18:01,120","00:18:12,080",आई विल वेट फॉर यू ये इश्क तुम ना करना ये
246,"00:18:05,720","00:18:18,159",रोग ही लगाए दफन खुद करे है फिर सोग भी
247,"00:18:12,080","00:18:25,400",मनाए ये इश्क तुम ना करना ये रोग ही लगाए
248,"00:18:18,159","00:18:28,150",दफन खुद करे है फिर शौग भी मनाए फिर सग भी
249,"00:18:25,400","00:18:31,259",बनाए
250,"00:18:28,150","00:18:31,259",[प्रशंसा]
251,"00:18:31,480","00:18:38,080",हमजा आ जाओ भाई आओ आज तुम्हारी मां ने
252,"00:18:35,320","00:18:42,320",तुम्हारी पसंद का नाश्ता मंगवाया
253,"00:18:38,080","00:18:45,679",है हम कर चुके हैं अबू थैंक
254,"00:18:42,320","00:18:45,679",यू यह क्या
255,"00:18:45,799","00:18:54,159",है अपॉइंटमेंट लेटर है ऑस्ट्रेलिया
256,"00:18:49,840","00:18:57,559",से अपॉइंटमेंट लेटर एक्चुअली जॉब के लिए
257,"00:18:54,159","00:19:00,720",अप्लाई किया था तो कॉल आ गई है उन्होंने
258,"00:18:57,559","00:19:00,720",अपॉइंटमेंट लेटर भेज
259,"00:19:03,330","00:19:07,960",[संगीत]
260,"00:19:05,080","00:19:10,880",अच्छा
261,"00:19:07,960","00:19:13,799",तो जॉब मिल गई ऑस्ट्रेलिया
262,"00:19:10,880","00:19:16,160",में पहले इरादा नहीं था लेकिन अब जा रहा
263,"00:19:13,799","00:19:26,679",हूं अगले हफ्ते से
264,"00:19:16,160","00:19:29,280",[संगीत]
265,"00:19:26,679","00:19:29,670",जॉइनिंग ये तुम ऑस्ट्रेलिया जाने की बात
266,"00:19:29,280","00:19:32,919",कर रहे
267,"00:19:29,670","00:19:34,880",[संगीत]
268,"00:19:32,919","00:19:38,720",है
269,"00:19:34,880","00:19:41,280",जी मैं मेरी बीवी और मेरी बेटी
270,"00:19:38,720","00:19:41,280",ऑस्ट्रेलिया
271,"00:19:45,600","00:19:49,600",जा आप
272,"00:19:54,810","00:20:11,799",[संगीत]
273,"00:20:08,520","00:20:14,799",नहीं रईस यह कैसे हो सकता है नहीं रईस
274,"00:20:11,799","00:20:17,760",नहीं आपने कैसे सुन लिया आप सुन के आप ग
275,"00:20:14,799","00:20:19,960",आपने उसे रोका नहीं र रोके ना उसे जाए उसे
276,"00:20:17,760","00:20:22,880",क वो नहीं जाए वो नहीं जा सकता उसे रोके
277,"00:20:19,960","00:20:25,960",उसे जाने से रोके र तुम्हारा ख्याल है कि
278,"00:20:22,880","00:20:27,170",मैं उसे रोकूंगा और वो रुक जाएगा
279,"00:20:25,960","00:20:30,380",[प्रशंसा]
280,"00:20:27,170","00:20:30,380",[संगीत]
281,"00:20:31,720","00:20:38,559",अा तो फिर मैं रोकूंगी उसे मत जाओ
282,"00:20:36,200","00:20:41,270",शाहजहां मत रोकना
283,"00:20:38,559","00:20:47,280",उसे अपना भर्म भी खो
284,"00:20:41,270","00:20:50,870",[संगीत]
285,"00:20:47,280","00:21:01,039",दोगी अब कैसा बर
286,"00:20:50,870","00:21:01,039",[संगीत]
287,"00:21:01,960","00:21:06,880",इस घर
288,"00:21:03,559","00:21:10,960",में जो आईने लगे
289,"00:21:06,880","00:21:10,960",हैं उहे हटा
290,"00:21:11,600","00:21:18,200",दो क्योंकि
291,"00:21:14,600","00:21:22,820",उसमें हमारी शक्ल
292,"00:21:18,200","00:21:25,880",नहीं हमारे आमाल नामे नजर आते हैं
293,"00:21:22,820","00:21:29,880",[संगीत]
294,"00:21:25,880","00:21:34,480",हमजा माओ को जर्फ के नहीं
295,"00:21:29,880","00:21:40,200",फर्ज के तराजू में तोला जाता मेरा रे दिल
296,"00:21:34,480","00:21:41,490",से जा मिला है रब से जिसको मांगा तू वो
297,"00:21:40,200","00:21:54,320",सिला
298,"00:21:41,490","00:21:59,880",[संगीत]
299,"00:21:54,320","00:22:02,260",हैला सोते तुम्हारे जैसी नहीं लगती हा
300,"00:21:59,880","00:22:23,209",बकुल तुम्हारी तरह
301,"00:22:02,260","00:22:23,209",[संगीत]
302,"00:22:25,039","00:22:31,120",मासूम मैं जानती हूं कि तुम मुझसे बहुत
303,"00:22:27,840","00:22:31,120",ज्यादा न रत करती
304,"00:22:34,200","00:22:39,240",हो इसके बावजूद तुम मुझे माफ कर दो नहीं
305,"00:22:38,039","00:22:43,600",ताई
306,"00:22:39,240","00:22:43,600",जान मैंने आपसे कभी नफरत नहीं
307,"00:22:47,120","00:22:51,760",की रत तो मैंने भी तुमसे नहीं की
308,"00:22:51,960","00:22:57,080",ला हां
309,"00:22:54,080","00:23:00,080",लेकिन एक ऑब्जेक्ट की तलाश में मैं हमेशा
310,"00:22:57,080","00:23:00,080",रही
311,"00:23:00,360","00:23:09,120",कोई ऐसी दीवार जिस अपना सर मार
312,"00:23:03,600","00:23:12,480",सकू जैसे बॉक्सर के पास होता है ना पंचिंग
313,"00:23:09,120","00:23:15,679",बैग जिस पर ू से मार मार के व अपनी सारी
314,"00:23:12,480","00:23:15,679",अग्रेशन निकाल देता
315,"00:23:17,799","00:23:24,279",हैप की दी हुई जहनी अजियत का बदला लेने के
316,"00:23:21,159","00:23:29,440",लिए मुझे कुछ नहीं मिलता
317,"00:23:24,279","00:23:29,440",था अब फिर तु मिल गई
318,"00:23:30,360","00:23:37,679",मेरा पंचिंग
319,"00:23:33,080","00:23:37,679",बैक सुमना को बहुत प्यारी
320,"00:23:38,039","00:23:44,559",थी मुझे लगता था तुम्हें अजियत देकर मैं
321,"00:23:41,640","00:23:47,840",उन्ह तकलीफ पहुंचा सकती
322,"00:23:44,559","00:23:51,640",हू तुमसे उनकी
323,"00:23:47,840","00:23:56,200",मोहब्बत मुझे हसद में उतला कर देती
324,"00:23:51,640","00:23:57,600",थी और हसर जो है ना व इंसान को अंधा कर
325,"00:23:56,200","00:24:03,480",देता है
326,"00:23:57,600","00:24:07,880",[संगीत]
327,"00:24:03,480","00:24:07,880",बस फिर मुझे जो समझ आया मैं करती चली
328,"00:24:09,640","00:24:17,120",थी दस हमजा बेखर लोगों को इयार मिल जाए ना
329,"00:24:14,440","00:24:20,520",तो वही सलूक करते हैं दूसरों के साथ जो
330,"00:24:17,120","00:24:22,400",उन्होने देखा होता है या सहा होता है
331,"00:24:20,520","00:24:25,400",हालांकि मैं मानती हूं ऐसा नहीं करना
332,"00:24:22,400","00:24:25,400",चाहिए
333,"00:24:27,820","00:24:32,960",[संगीत]
334,"00:24:29,320","00:24:35,740",इंसान को किसी दूसरे इंसान को यह अत देने
335,"00:24:32,960","00:24:38,679",का हक नहीं है जो उसने खुद उठाई
336,"00:24:35,740","00:24:42,080",[संगीत]
337,"00:24:38,679","00:24:42,600",हो इसका इदराक होते होते ना बड़ी देर लग
338,"00:24:42,080","00:24:45,700",जाती
339,"00:24:42,600","00:24:45,700",[संगीत]
340,"00:24:46,159","00:24:52,919",है
341,"00:24:48,480","00:24:56,480",र तुम मुझे माफ कर दो ला तो फिर हमजा भी
342,"00:24:52,919","00:24:59,480",मुझे माफ कर देगा और हमजा मुझे छोड़ नहीं
343,"00:24:56,480","00:24:59,480",जाएगा
344,"00:25:00,159","00:25:05,789",मुझसे माफी मांगकर मुझे गुनहगार मत
345,"00:25:02,670","00:25:05,789",[संगीत]
346,"00:25:07,159","00:25:14,480",कीजिए मा बेटों से माफी मांगते अच्छी नहीं
347,"00:25:10,780","00:25:17,039",[संगीत]
348,"00:25:14,480","00:25:18,760",ल लेकिन हम रुक नहीं
349,"00:25:17,039","00:25:22,039",सकते
350,"00:25:18,760","00:25:25,320",हमजा हमजा तुम मुझसे बहुत ज्यादा मोहब्बत
351,"00:25:22,039","00:25:29,000",करते हो दरअसल ना तुम मेरे बगैर नहीं रह
352,"00:25:25,320","00:25:30,399",सकते तुम मुझे छोड़कर नहीं जाओ तुम मुझे
353,"00:25:29,000","00:25:32,840",छोड़कर कैसे जा
354,"00:25:30,399","00:25:35,640",सकते करता था नहीं
355,"00:25:32,840","00:25:38,399",अमी करता
356,"00:25:35,640","00:25:39,440",हूं लेकिन कहीं मोहब्बत से एतराम ना निकल
357,"00:25:38,399","00:25:42,200",जाए इससे डरता
358,"00:25:39,440","00:25:46,679",[संगीत]
359,"00:25:42,200","00:25:46,679",हूं इसलिए प्लीज
360,"00:25:52,250","00:25:59,220",[संगीत]
361,"00:25:52,570","00:25:59,220",[प्रशंसा]
362,"00:25:59,940","00:26:12,059",[संगीत]
363,"00:26:08,980","00:26:12,059",[प्रशंसा]
364,"00:26:14,160","00:26:41,950",[संगीत]
365,"00:26:36,600","00:26:42,740",[प्रशंसा]
366,"00:26:41,950","00:26:45,849",[संगीत]
367,"00:26:42,740","00:26:45,849",[प्रशंसा]
368,"00:26:55,320","00:27:01,520",की कसम
369,"00:26:57,240","00:27:04,120",जा मु अभी नहीं जाना आपको आपको हमजा की
370,"00:27:01,520","00:27:06,919",कसम हमजा का
371,"00:27:04,120","00:27:09,799",नाम लिया हमजा का नाम
372,"00:27:06,919","00:27:13,360",से मैं बेवकूफ औरत
373,"00:27:09,799","00:27:16,080",नहीं बहुत सोच समझ के य मंसूबा
374,"00:27:13,360","00:27:21,159",बनाया कच्ची गोलिया नहीं खेली
375,"00:27:16,080","00:27:24,399",मैं सब दरवाजे बंद कर रही अगर गर्म तवे पर
376,"00:27:21,159","00:27:27,399",भी बैठ जाओगी ना कोई तुम्हारा तबार नहीं
377,"00:27:24,399","00:27:27,399",करे
378,"00:27:27,860","00:27:35,159",[संगीत]
379,"00:27:33,520","00:27:40,360",नहीं ताई
380,"00:27:35,159","00:27:40,360",जान मैंने आपसे कभी नफरत नहीं की
381,"00:27:44,460","00:28:28,720",[संगीत]
382,"00:28:24,519","00:28:32,240",मुझसे माफी मांगकर मुझे गुनहगार मत कीजिए
383,"00:28:28,720","00:28:32,240",मा बेटों से माफी मांगते अच्छी
384,"00:28:34,090","00:28:43,869",[संगीत]
385,"00:28:44,360","00:28:49,840",नहीं मैं यह सब कुछ नहीं स सकती
386,"00:28:47,880","00:28:56,039",[संगीत]
387,"00:28:49,840","00:29:00,039",र आप अगर चाहे तो हम को रोक सकते
388,"00:28:56,039","00:29:00,039",हैं आपकी बात नहीं
389,"00:29:00,279","00:29:03,840",ले जानता हूं
390,"00:29:04,120","00:29:08,399",शाजान लेकिन मैं उसे रोकूंगा
391,"00:29:08,840","00:29:13,919",नहीं
392,"00:29:10,919","00:29:13,919",क्यों
393,"00:29:14,880","00:29:21,159",क्यों इस घर
394,"00:29:17,480","00:29:24,919",में जो आईने लगे
395,"00:29:21,159","00:29:24,919",हैं उन्हे हटा
396,"00:29:25,559","00:29:32,159",दो क्योंकि उसमें
397,"00:29:29,600","00:29:36,000",हमारी शक्ल
398,"00:29:32,159","00:29:38,000",नहीं हमारे आमाल नाम नजर आते
399,"00:29:36,000","00:29:42,000",[संगीत]
400,"00:29:38,000","00:29:46,799",हैं और सच तो यह है कि
401,"00:29:42,000","00:29:46,799",मैं मैं तो खुद से निकाह भी नहीं मिला
402,"00:29:47,590","00:29:54,159",[संगीत]
403,"00:29:49,039","00:29:58,640",सकता मैं ना माफी मांग लूंगी सबसे हाला से
404,"00:29:54,159","00:30:01,760",भी पर मैं हमजा से दूरी नहीं
405,"00:29:58,640","00:30:06,519",सती ऐसे सती
406,"00:30:01,760","00:30:06,519",रई तुमने दूसरों के लिए गड़ा खोदा
407,"00:30:06,559","00:30:10,120",था देख लो
408,"00:30:10,360","00:30:15,440",शाहजन खुद गिर गई
409,"00:30:14,030","00:30:20,320",[संगीत]
410,"00:30:15,440","00:30:20,320",उसमें और अब शायद कभी नहीं उभर
411,"00:30:21,080","00:30:25,720",सकती अब अकेले तो रहना
412,"00:30:23,550","00:30:28,920",[संगीत]
413,"00:30:25,720","00:30:30,760",पड़ेगा रहो अकेली
414,"00:30:28,920","00:30:35,150",[संगीत]
415,"00:30:30,760","00:30:42,500",सारी जिंदगी अपने जखम चमती रहो
416,"00:30:35,150","00:30:43,660",[संगीत]
417,"00:30:42,500","00:30:48,230",[प्रशंसा]
418,"00:30:43,660","00:30:51,400",[संगीत]
419,"00:30:48,230","00:30:51,400",[प्रशंसा]
420,"00:30:55,570","00:30:58,700",[संगीत]
421,"00:31:01,039","00:31:04,480",व दोनों बिल्कुल अकेले रह
422,"00:31:05,720","00:31:11,639",जाएंगे हमारे पास क्या इसके सिवा और कोई
423,"00:31:08,240","00:31:14,519",रास्ता नहीं है हम हम रह भी तो सकते हैं
424,"00:31:11,639","00:31:17,880",सब सब अच्छा हो सकता
425,"00:31:14,519","00:31:20,190",है सब ठीक ही करने जा रहा
426,"00:31:17,880","00:31:21,880",हूं भरोसा टूटा
427,"00:31:20,190","00:31:25,519",[संगीत]
428,"00:31:21,880","00:31:28,559",मेरा एक ऐसे इंसान से ईमान उठा है जिस
429,"00:31:25,519","00:31:32,200",अपनी जान से ज्यादा भरोसा
430,"00:31:28,559","00:31:34,840",माफ कर दो कर
431,"00:31:32,200","00:31:36,559",दे लेकिन मैं कहीं इस माहौल से बहुत दूर
432,"00:31:34,840","00:31:39,159",जाना चाहता
433,"00:31:36,559","00:31:40,279",हूं तुम्हें और अपनी बच्ची को वक्त देना
434,"00:31:39,159","00:31:42,740",चाहता
435,"00:31:40,279","00:31:45,559",हूं हमारा रिश्ता मजबूत करना
436,"00:31:42,740","00:31:48,399",[संगीत]
437,"00:31:45,559","00:31:51,000",चाहता हमारा रिश्ता हमारी बेटी की शख्सियत
438,"00:31:48,399","00:31:54,200",के लिए बहुत इंपोर्टेंट है और खास तौर पर
439,"00:31:51,000","00:31:54,200",इसके मुस्त
440,"00:31:56,970","00:32:09,960",[संगीत]
441,"00:32:06,039","00:32:12,960",हमजा हमजा मेरी बात तो सुन
442,"00:32:09,960","00:32:12,960",बैठो
443,"00:32:15,200","00:32:19,679",बैठो डैड मुझे छोड़ के चले गए
444,"00:32:20,320","00:32:25,320",थे पीछे रह जाने वालों की अजियत से
445,"00:32:26,000","00:32:31,480",वाकिफ तु मैं वही जुल्म किसी और के साथ
446,"00:32:28,919","00:32:35,080",होता हुआ कैसे देख सकती
447,"00:32:31,480","00:32:35,080",है क्या कहना
448,"00:32:37,080","00:32:42,840",सर छोड़ के नहीं जा
449,"00:32:39,799","00:32:43,880",सकते दादी हमारा रिश्ता इसीलिए जोड़ना
450,"00:32:42,840","00:32:48,120",चाहती
451,"00:32:43,880","00:32:53,960",थी ताकि उनका काशा रिफत आबाद
452,"00:32:48,120","00:32:53,960",रहे और हम उसी को सुनसान करके जा रहे हैं
453,"00:32:58,519","00:33:00,720",नहीं
454,"00:33:01,080","00:33:09,960",हमजा आर जान बूढ़े हो रहे
455,"00:33:04,880","00:33:09,960",हैं उनको तुम्हारे मजबूत कंधों की जरूरत
456,"00:33:10,519","00:33:15,679",है
457,"00:33:12,960","00:33:18,880",ताई ताई अम्मी तुम्हारी जुदाई बर्दाश्त
458,"00:33:15,679","00:33:18,880",नहीं कर पाएंगी मर
459,"00:33:19,840","00:33:25,760",जाएंगी तुम कह रही
460,"00:33:23,200","00:33:28,720",हो सब कुछ जो उन्होने तुम्हारे साथ किया
461,"00:33:25,760","00:33:30,360",उसके बावजूद तुम
462,"00:33:28,720","00:33:36,120",माफ कर सकोगी उ
463,"00:33:30,360","00:33:39,399",कभी कर दिया माफ मेरे सारे नुकसान पूरे हो
464,"00:33:36,120","00:33:42,120",गए ड मिल ग बहन भाई मिल
465,"00:33:39,399","00:33:45,440",गए लाद मिल
466,"00:33:42,120","00:33:48,240",गई तुम मिल गए तुम्हारी मोहब्बत तुम्हारा
467,"00:33:45,440","00:33:48,240",एतमाद मिल
468,"00:33:50,440","00:33:56,480",गया किस बात का गिला कैसा नुकसान
469,"00:33:58,880","00:34:07,280",तुम कर सकती हो
470,"00:34:00,640","00:34:10,560",[संगीत]
471,"00:34:07,280","00:34:13,200",माफ मैं नहीं कर
472,"00:34:10,560","00:34:15,400",सकता मेरा इतना जर्फ नहीं
473,"00:34:13,200","00:34:18,320",है
474,"00:34:15,400","00:34:21,320",[संगीत]
475,"00:34:18,320","00:34:25,240",हमजा माओ को जर्फ के
476,"00:34:21,320","00:34:28,800",नहीं फर्ज के तराजू में तोला जाता कैसे
477,"00:34:25,240","00:34:30,240",हो शुक्रिया
478,"00:34:28,800","00:34:32,679",मुझको
479,"00:34:30,240","00:34:35,000",जो चुन
480,"00:34:32,679","00:34:37,599",लिया हाले
481,"00:34:35,000","00:34:40,240",दिल ना कह
482,"00:34:37,599","00:34:43,000",सके तुमने
483,"00:34:40,240","00:34:44,520",तो सुन
484,"00:34:43,000","00:34:50,919",लिया
485,"00:34:44,520","00:34:55,780",अहद मोहब्बत को पूरा किया दर्द दिल का
486,"00:34:50,919","00:35:17,130",लेके दिल दे दिया
487,"00:34:55,780","00:35:17,130",[संगीत]
488,"00:35:21,960","00:35:27,680",अपने घर की बच्ची के ऊपर इस तरह से तोहमत
489,"00:35:24,560","00:35:30,160",लगाते शर्म नहीं आई तुझे ऐसा तो कोई
490,"00:35:27,680","00:35:32,839",हस्तीन का सांप नहीं डंग मारता और अगर
491,"00:35:30,160","00:35:34,600",अपनी बेटी के साथ यह सब कुछ हुआ होता तो
492,"00:35:32,839","00:36:05,880",तो भी ऐसा करती
493,"00:35:34,600","00:36:09,480",[संगीत]
494,"00:36:05,880","00:36:13,119",शाहजहां कितनी दफा मैंने कहा है कि मगरिब
495,"00:36:09,480","00:36:15,280",की अजान से पहले सारे घर को रोशन कर दिया
496,"00:36:13,119","00:36:20,839",करो मगर
497,"00:36:15,280","00:36:20,839",ना मेरी यहां सुनता ही कौन है
498,"00:36:23,110","00:36:34,640",[संगीत]
499,"00:36:33,640","00:36:36,640",श
500,"00:36:34,640","00:36:38,880",जहान जला दे
501,"00:36:36,640","00:36:42,480",बतिया
502,"00:36:38,880","00:36:48,070",हाला हाला बेटा तू ही जला
503,"00:36:42,480","00:37:04,079",दे यह तो मेरी सुनती कहां है
504,"00:36:48,070","00:37:06,359",[संगीत]
505,"00:37:04,079","00:37:11,480",पता था आप
506,"00:37:06,359","00:37:15,720",य जब तक हमजा नहीं आ जाता या मत का
507,"00:37:11,480","00:37:18,359",फरिश्ता नहीं मरने की बात कर रही यहां
508,"00:37:15,720","00:37:21,720",क्यों ड़ इर
509,"00:37:18,359","00:37:21,720",ब इधर
510,"00:37:24,599","00:37:32,039",बैठ इधर बैठे जैसे जसे दादी बैठा करती
511,"00:37:28,800","00:37:32,039",[संगीत]
512,"00:37:32,200","00:37:39,079",थी जैसे आपको दादी आवाज लगाती थी ना वैसे
513,"00:37:36,400","00:37:42,680",ही आप मुझे आवाज
514,"00:37:39,079","00:37:44,359",लगाए जैसे दादी कहती थी ना शा जा यह ला दे
515,"00:37:42,680","00:37:49,320",वो ला
516,"00:37:44,359","00:37:52,480",दे वैसे ही आप मुझे आवाज लगाए हाला ये कर
517,"00:37:49,320","00:37:59,000",[संगीत]
518,"00:37:52,480","00:38:01,520",दे मैं नहीं बनना चाहती वो बनना है
519,"00:37:59,000","00:38:04,040",को मेरे लिए बनना चाहिए
520,"00:38:01,520","00:38:06,119",था बिल्कुल
521,"00:38:04,040","00:38:08,440",बिल्कुल
522,"00:38:06,119","00:38:09,800",बातिर होने का यह मतलब तो नहीं है कि
523,"00:38:08,440","00:38:14,760",इंसान जालिम हो
524,"00:38:09,800","00:38:19,880",जाए दर गुजर करना चाहिए अल करना चा मुझे
525,"00:38:14,760","00:38:19,880",माफ कर मुझे माफ कर
526,"00:38:21,410","00:38:33,290",[संगीत]
527,"00:38:33,880","00:38:36,030",मा नहीं
528,"00:38:35,790","00:38:43,120",[प्रशंसा]
529,"00:38:36,030","00:38:46,310",[संगीत]
530,"00:38:43,120","00:38:46,310",[प्रशंसा]
531,"00:39:00,079","00:39:04,440",तुम्हें पता
532,"00:39:01,680","00:39:06,839",ला मैं बहुत सोचने के बाद एक नतीजे पर
533,"00:39:04,440","00:39:06,839",पहुंचा
534,"00:39:07,359","00:39:12,800",हूं मर्द को औरत से ऐसे सवाल पूछने ही
535,"00:39:10,319","00:39:14,560",नहीं चाहिए जिनके जवाब में फसाद होता
536,"00:39:12,800","00:39:17,640",हो
537,"00:39:14,560","00:39:20,560",नहीं मर्द को सवाल पूछने
538,"00:39:17,640","00:39:21,760",चाहिए लेकिन फिर औरत के जवाब प यकीन भी
539,"00:39:20,560","00:39:25,880",रखना
540,"00:39:21,760","00:39:30,640",चाहिए ताकि बात वही खत्म हो
541,"00:39:25,880","00:39:30,640",जाए मुझे तुम पर पूरा यकीन
542,"00:39:31,400","00:39:38,319",आ करता हूं मालूम और करता
543,"00:39:40,040","00:39:44,359",रहू मुझे तुम्हारे कहे हर लज
544,"00:39:47,160","00:39:53,640",पर मैं तुमसे प्यार करता
545,"00:39:51,079","00:39:58,240",था करता
546,"00:39:53,640","00:39:58,240",हूं हमेशा करता रहगा
547,"00:40:01,720","00:40:09,200",करता था करता हूं और हमेशा करता
548,"00:40:05,760","00:40:11,880",र मुझे पता
549,"00:40:09,200","00:40:15,640",है क्योंकि इसके अलावा और कोई रास्ता भी
550,"00:40:11,880","00:40:25,560",तो नहीं है ना तुम्हारे पास तस्वीर मन में
551,"00:40:15,640","00:40:25,560",बसी यार की तस्बी पढी तेरे प्यार की
552,"00:40:28,440","00:40:40,960",दिल ये मेरा तेरे दिल से जा मिला है रब से
553,"00:40:34,119","00:40:46,740",जिसको मांगा तू वो सिला है तकदीर जब से
554,"00:40:40,960","00:41:08,560",तुझसे जुड़ी है जावे मोहब्बत
555,"00:40:46,740","00:41:13,960",[संगीत]
556,"00:41:08,560","00:41:20,599",कोई तो हो मेरा अपना कोई तो सहारा हो गम
557,"00:41:13,960","00:41:25,240",मेरे ठहर तो जाए कोई किनारा हो ठेस ऐसी
558,"00:41:20,599","00:41:30,880",दिल पे लगी क्या गुनाह हमारा था मांगते
559,"00:41:25,240","00:41:35,599",हैं ये खुदा से प्यार ना दोबारा
560,"00:41:30,880","00:41:41,640",हो प्यार ना दोबारा
561,"00:41:35,599","00:41:47,280",हो ये इश्क तुम ना करना ये रोग ही लगाए
562,"00:41:41,640","00:41:49,839",दफन खुद करे है फिर शोग भी मनाए फिर शोग
563,"00:41:47,280","00:41:49,839",भी
